Libraries and tools;;;;
;;;;
;;;;
;;;;
;;;;
Plateform;Name;Description;Keywords;URL
Android;HoloGraphLibrary;To make charts, diagrams, ...;graphs , charts;https://github.com/Androguide/HoloGraphLibrary
DevTool;Dokku;Tool which can build and deploy apps and manage their lyfecycle;build , PaaS , DevOps ,  tool , quality;https://github.com/dokku/dokku
DevTool;IFTTT;To automate community management;DevOps , tool;https://ifttt.com/
DevTool;Buffer;A tool to manage easily social medias;DevOps , tool;https://buffer.com/
DevTool;Instabug;In-app feedback and bug tracking for mobile apps ;bug , tracking , users , tool , quality;https://instabug.com/
DevTool;Zapier;Connect the apps to use, automate tasks;qualityAutomatisation , automation , tool;https://zapier.com/
DevTool;Postman;To test and link APIs;API , tool , quality;https://www.getpostman.com/
Android;Picasso;A powerful image downloading and caching library;pictures , image , caching;http://square.github.io/picasso/
Android;Branded launch screen;New splash screens for Android;tuto , splash screen;http://antonioleiva.com/branded-launch-screen/
Android;IntroScreen;To create intro screen on ViewPager and PageTransformer;tuto , intro screen;https://medium.com/android-news/creating-an-intro-screen-for-your-app-using-viewpager-pagetransformer-9950517ea04f#.of5ivc9bz
Design;Espresso;Introduction to Espresso (what else?);tuto , espresso , UI tests;http://tutos-android-france.com/introduction-a-espresso/
Android;Fabric.io;Bug tracking and dashboard;Crashlytics , Fabric.io , quality;https://get.fabric.io/
Android;material;A library to bring fully animated Material Design components to pre-Lolipop Android;material design;https://github.com/rey5137/material
Android;YahooNewOnboarding;Demos fo landing screens / start screens on Android;landing screen;https://github.com/rahulrj/YahooNewsOnboarding
Android;AppIntro;App intros / landing screens;landing screen;https://github.com/PaoloRotolo/AppIntro
Android;RxJava;Improving UX with RxJava;tuto , UX, RxJava;https://medium.com/@diolor/improving-ux-with-rxjava-4440a13b157f#.3poyei2gw    https://github.com/ReactiveX/RxJava 
Android;Android Design Support Library;;tuto , suport library , design;http://android-developers.blogspot.fr/2015/05/android-design-support-library.html
Android;Floacting Action Button Toolbar;A floating action button transforming into toolbar;FAB , material : toolbar;https://github.com/fafaldo/FABToolbar
Android;CircleView;A circle view containing title and subtitle;circle view , material;https://github.com/pavlospt/CircleView
Android;CircularProgressButton;A circular progress button;circular progress button , material;https://github.com/dmytrodanylyk/circular-progress-button
Android;CardsUI;A lib for cards UI;cards ui , material;https://github.com/gabrielemariotti/cardslib
Android;BottomSheets;A sliding bottom sheet with actions;bottom sheet , material;https://github.com/soarcn/BottomSheet
Android;MaterialLeanBack;A leanback port for Android devices;material , lean back , photos;https://github.com/florent37/MaterialLeanBack
Android;InteractiveCanvas;Library for distribution canvas over set of devices;interactive canvas , devices;https://github.com/elevenetc/InteractiveCanvas
Android;Material Arc Menu;An arc menu with buttons inside;arc menus , buttons , material;https://github.com/saurabharora90/MaterialArcMenu
Android;Animations effects to TextView;Animations effects to text views;animations , text views;https://github.com/hanks-zyh/HTextView
Android;Faker;Tool to make mock objects;Mock , fake;https://github.com/blocoio/faker
Android;Knife;A rich text editor component for writing in Android;document , edit text;https://github.com/mthli/Knife
Android;PasswordEditText;A custom EditText with a switchable icon showing/hidding passwords;Password , edit text;https://github.com/maksim88/PasswordEditText
/;Upgrade;Site de veille;veille , tuto , site , tool;http://upgrade.news/
Android;Quitnow sleep time;Lib to be sure the user is awake before disturbing it with soundy and vibrant notificatinos;notifications , awake , sleep;https://github.com/Fewlaps/quitnow-sleep-time
Android;Loading view;Lib for a loading view;loading view , animations;https://github.com/lusfold/SpinnerLoading
Android;Leak Canary;A memory leak tool for Android and Java;leak , memory;https://github.com/square/leakcanary
Android;Apktool;Tool to decompils APK files;APK , décompiler;https://ibotpeaches.github.io/Apktool/
Android;Swipestack;A swipeable view stack;card UI, swipe , stack , UI;https://github.com/flschweiger/SwipeStack
Android;Emotion Analysis API;Wrapper to Microsoft emotion analysis API;emotion , analysis , ;https://github.com/DavidPacioianu/Emotion-Analysis-API
Android;MD360Player4Android;Lib to display pictures and 360 movies on Android;360;https://github.com/ashqal/MD360Player4Android
Android;FillTheForm;Lib to fill in a easy way Edittexts and help the dev;aide au dev , EditText , mock , data binding;https://github.com/Hotel-Reservation-Service/FillTheForm
Android;Mockito;To make mocks;tests , mocks , ;https://github.com/mockito/mockito    http://mockito.org/
Android;SimpleArcLoader;Simple arc animated loader;loader , arc;https://github.com/generic-leo/SimpleArcLoader
Android;GLide;Introduction to Glide, Image loader lib for Android recommended by Google;image loader , tuto;http://inthecheesefactory.com/blog/get-to-know-glide-recommended-by-google/en
Android;AppUpdater;Library that checks for apps' updates on Google Play, Github, Amazon...;lib , app updates;https://github.com/javiersantos/AppUpdater
Android;GSON;Lib to parse JSON;gson , json , parser;https://github.com/google/gson
Android;FABProgressCircle;Material progress circle around any floating action button;floating action button , circle , progress;https://github.com/JorgeCastilloPrz/FABProgressCircle
Android;MaterialStyledDialogs;Dialogs with material design and headers;dialogs , material , header;https://github.com/javiersantos/MaterialStyledDialogs
Android;ProgressButton;Progress button with indicator and footprint;button : progress , indicator;https://github.com/f2prateek/progressbutton
Android;UCrop;Image cropping library for Android;image , cropp , lib;https://github.com/Yalantis/uCrop
Android;BottomDialog;A custom dialog attached at the bottom;;https://github.com/rebus007/BottomDialog
Android;PeekAndPop;PeekAndPop is an open source Android library, inspired by Instagram's latest 3D touch feature. As 3D touch is not available for android, this library uses long hold.;;https://github.com/shalskar/PeekAndPop
Android;Low light theme switcher;Automatically switch between Dark/Light themes using the device light sensor;light , sensor , themes , dark , light;https://github.com/twig/android-low-light-theme-switcher
Android;Validate forms libs;Libs to validate Android forms;libs , form validation;https://github.com/mahmed8003/DroidValidatorLight     https://github.com/thyrlian/AwesomeValidation
Android;Android app versionning;;version;http://alexfu.github.io/2015/11/09/Android-Auto-Versioning/    https://github.com/alexfu/androidautoversion                    
Android;GestureView;ImageView and FrameLayout with gestures control and position animation;lib , gesture , image view;https://github.com/alexvasilkov/GestureViews
Android;BottomBar;A custom view component that mimics the new Material Design Bottom Navigation pattern.;bottom bar , material;https://github.com/roughike/BottomBar
Android;SwipeSelector;A nicer-looking, more intuitive and highly customizable alternative for radio buttons and dropdowns for Android.;swipe selector , material;https://github.com/roughike/SwipeSelector
Android;WoWoViewPager;Optimized for scrolling app intros or making your CV app. Free and open source.;view pager , fun;https://github.com/Nightonke/WoWoViewPager
Android;Greedo Layout;Full aspect ratio grid LayoutManager for Android's RecyclerView;;https://github.com/500px/greedo-layout-for-android
Android;HitBlockRefresh;A refresh view with a fun game inside;refresh view , game;https://github.com/Hitomis/HitBlockRefresh
Android;AboutLibrairies;Tool which can list additional libs in a dedicated view;vue , libs externes , about , à  propos;https://github.com/mikepenz/AboutLibraries
Android;AndroidRPInterpolator;AndroidRPInterpolator is the interpolator library using Rovert Penner's Easing Functions.;animations , interpolator;https://github.com/r21nomi/AndroidRPInterpolator
Android;MarkerBuilder;Versatile map area / geofence utility for google maps v2 for android;map , google maps;https://github.com/ac-opensource/MarkerBuilder
Android;SearchableSpinner;Spinner with searchable items.;spinner;https://github.com/miteshpithadiya/SearchableSpinner
Android;SublimePicker;Date picker;;https://github.com/vikramkakkar/SublimePicker
Android;AndroidKeyboardWatcher;;keyboard;https://github.com/AzimoLabs/AndroidKeyboardWatcher
Android;AndroidTabbedDialog;;tabbed dialog;https://github.com/ashishbhandari/AndroidTabbedDialog
Android;SwitchButton;;switch buttons ,  material;https://github.com/kyleduo/SwitchButton
Android;Toggle;Lib to add feature-toggle capability to Android apps;feature , toggle;https://github.com/s0h4m/toggle
Android;Android SQLite support library;;;https://github.com/requery/sqlite-android
Android;Multiline collapsingtoolbar;;;https://github.com/opacapp/multiline-collapsingtoolbar
Android;FlodingCell;;material , animation , fun;https://github.com/Ramotion/folding-cell-android
Android;URLLinkView;;url , view;https://github.com/TakeoffAndroid/URLLinkView
Android;SwipeMenuListView;;swipe , menu , list view;https://github.com/baoyongzhang/SwipeMenuListView
Android;View Hover;;;https://github.com/daimajia/AndroidViewHover
Android;Swipe Layout;;swipe , layout , view item;https://github.com/daimajia/AndroidSwipeLayout
Android;Pull Zoom Recycler View;;pull to zoom;https://github.com/dinuscxj/PullZoomRecyclerView
Android;Baarcode Scanner;;QR Code , Google Vision API;https://github.com/EdwardvanRaak/MaterialBarcodeScanner
Android;MultiSelectWidget;;list , multi select;https://github.com/miteshpithadiya/MultiSelectWidget
Android;MaterialDesignLibrary;;material design , 2.2;https://github.com/navasmdc/MaterialDesignLibrary
Android;MaterialDialogs;;material , dialog;https://github.com/afollestad/material-dialogs
Android;MaterialInputCode;;material , input , code;https://github.com/glomadrian/material-code-input
Android;CardMenu;;;https://github.com/ZhangQinglian/CardMenu
Android;Depth lib;;depth , canvas , view;https://github.com/danielzeller/Depth-LIB-Android-
Android;Karumi;;;http://karumi.github.io/AndroidAudit/
Android;MaryPopup;Expand views with animations;;https://github.com/Meetic/MaryPopup
Android;Sensey;Gestures detection;gesture , detection;https://github.com/nisrulz/Sensey
Android;Scoop;Build single-activity apps;;https://github.com/lyft/scoop
Android;Pulse View;;pusle , logo , view;https://github.com/DevLight-Mobile-Agency/PulseView
Android;Fragment Animations;;fragment , 3D animations , animations;https://github.com/kakajika/FragmentAnimations
Android;Pull to make Soup;;;https://github.com/Yalantis/pull-to-make-soup
Android;EffectiveShapeView;;shape , view , image , cut;https://github.com/TangXiaoLv/EffectiveShapeView
Android;MorphViews;;;https://github.com/Even201314/NumberMorphView4Android   https://github.com/me-abhinav/NumberMorphView
Android;Morphing Button;;;https://github.com/dmytrodanylyk/android-morphing-button
Android;MaterialPreferences;;;https://github.com/yarolegovich/MaterialPreferences
Android;BeerProgressView;;;https://github.com/andyb129/BeerProgressView
Android;Navigation Tab Strip;;;https://github.com/DevLight-Mobile-Agency/NavigationTabStrip
Android;CircularTools;Circle based animations for Android API 11+;;https://github.com/AutSoft/CircularTools
Android;Material Preferences;Custom goodlooking material preferences;;https://github.com/yarolegovich/MaterialPreferences
Android;License tools plugin;Gradle plugin to check libs licenses and generate pages;;https://github.com/cookpad/license-tools-plugin
Android;BlurView;;blur , view , iOS-like;https://github.com/Dimezis/BlurView
Android;Android loading animations;;loading , animations;https://github.com/ybq/Android-SpinKit
Android;Anypixel;;;https://github.com/googlecreativelab/anypixel
Android;Persistent Search View;;;https://github.com/lapism/SearchView
Design;Vectalign;;animations , drawables;https://github.com/bonnyfone/vectalign
Android;Dart;;dart , butter knife , layout injection;https://github.com/f2prateek/dart
Android;Pin Lock View;;;https://github.com/aritraroy/PinLockView
Android;Flexible Adapter;;;https://github.com/davideas/FlexibleAdapter
Android;InstaCapture;;screen shot;https://github.com/tarek360/InstaCapture
Android;Header decor;;recycler view , header;https://github.com/edubarr/header-decor
Android;Deep Link Dispatch;;deep link;https://github.com/airbnb/DeepLinkDispatch
Android;MaterialSeekBarPreference;;seek bar , preference;https://github.com/MrBIMC/MaterialSeekBarPreference
Android;LeafPic;An ad-free, open-source, material designed alternatibe to Android gallery;gallery;https://github.com/HoraApps/LeafPic
Android;LoadingView;;loaders;https://github.com/ldoublem/LoadingView
Android;AndroidPdfViewer;;pdf , viewer;https://github.com/barteksc/AndroidPdfViewer
Android;ExpandingPager;A card peek-pop controller;pager , card , peek-pop;https://github.com/qs-lll/ExpandingPager
Android;GroupdOfX;;;https://github.com/blipinsk/GroupOfX
Android;Frog;;documentation , command lines;https://github.com/anupcowkur/frog
Android;Reservoir;;cache , key/value pair , GSON;https://github.com/anupcowkur/Reservoir
Android;CardStackView;;card , stack , view;https://github.com/loopeer/CardStackView
Android;ParalalxRecyclerView;;parallax , recycler view , loadmore;https://github.com/mzelzoghbi/ParallaxRecyclerView
Android;Shine Button;;effects , shining;https://github.com/ChadCSong/ShineButton
Android;DiscreteSlider;A slider that allows a user to select a value at one of the specified tickmarks;slider;https://github.com/lawloretienne/DiscreteSlider
Android;FlyoutMenus;;;https://github.com/ShamylZakariya/FlyoutMenus
Android;PaperShredder;Some animations with a paper shredder;animations;https://github.com/ldoublem/PaperShredder
Android;SectionedRecyclerViewAdapter;An Adapter that allows a RecyclerView to be split into Sections with headers and/or footers;;https://github.com/luizgrp/SectionedRecyclerViewAdapter
Android;Android-Stackblur;Android StackBlur is a library that can perform a blurry effect on a Bitmap based on a gradient or radius, and return the result;effect , blur;https://github.com/kikoso/android-stackblur
Android;BreadcrumbLayout;A breadcrumb view based on a TableLayout;breadcrumb;https://github.com/ayvazj/BreadcrumbLayout
Android;Jelly Direction Button;;button;https://github.com/bonghyun2/jelly-direction-button
Android;SparkButton;Android library to create buttons with Twitter's heart like animation. ;button;https://github.com/varunest/SparkButton
Android;Submit Button;A cool and elegant submit button;button;https://github.com/SparkYuan/SubmitButton
Android;Image Zoomer;Image zoom animations for Android;image , zoom;https://github.com/code-crusher/Image-Zoomer
Android;Liquid button;Animation of liquid loading button;button;https://github.com/yoruriko/LiquidButton
Android;SocialButtons;;button;https://github.com/championswimmer/Android-SocialButtons
Android;Ring Button;;button;https://github.com/yankai-victor/RingButton
Android;Badge;A Series Of Badge Drawables For Android;badge ;https://github.com/nekocode/Badge
Android;TriangleLabelView;A view with a triangle in the corner has a label;view ;https://github.com/shts/TriangleLabelView
Android;Bubbles;;notification , bubbles;https://github.com/txusballesteros/bubbles-for-android
Android;Bubbles Notifications;Exploding bubbles notifications;;https://github.com/dkmeteor/Bubble-Notification
Android;9-Patch resizer;;9-patch , resizer;https://github.com/redwarp/9-Patch-Resizer
Android;CitiesAutoComplete;;cities , Google Places , autocomplete;https://github.com/davidbeloo/CitiesAutoComplete
Android;TokenAutoComplete;;auto-complete;https://github.com/splitwise/TokenAutoComplete
Android;EmailAutoComplete;;email , autocomplete;https://github.com/tasomaniac/EmailAutoCompleteTextView
Android;SlidingActivity;Android library which allows you to swipe down from an activity to close it. ;;https://github.com/klinker41/android-slidingactivity
Android;Carouselview;A simple library to add carousel view in android app. ;carousel , view;https://github.com/sayyam/carouselview
Android;Paperboy;A changelog library for Android ;changelog , view;https://github.com/porokoro/paperboy
Android;Vintage Chroma;;color picker;https://github.com/MrBIMC/VintageChroma
Android;Bugshaker;;shaker , bug;https://github.com/stkent/bugshaker-android
Android;Connect Pattern;;pattern;https://github.com/BCGDV-ASIA/android-widget-connectpattern
Android;PullToRefresh;;pull to refresh , fun , animations;https://github.com/lubeast/PullToRefresh
Android;Bored Rudolf;;pull to refresh , game;https://github.com/FauDroids/Bored-Rudolf
Android;Beer Swipe Refresh;;;https://github.com/recruit-lifestyle/BeerSwipeRefresh
Android;FlyRefresh;;pull to refresh , animation;https://github.com/race604/FlyRefresh
Android;Circular Slider;;;https://github.com/milosmns/circular-slider-android
Android;Ticker;An Android TextView with scrolling text changes;text view , scrolling;https://github.com/robinhood/ticker
Android;Jackson;JSON parser library;json ;http://wiki.fasterxml.com/JacksonHome https://github.com/FasterXML/jackson
Android;LikesLayout;mplementation of layouts that allow to add likes in Periscope style;layout , effects , likes;https://github.com/Iojjj/LikesLayou
Android;Revealator;An helper to circle reveal / unreveal a view easily;layout , effects ;https://github.com/Jaouan/Revealator
Android;Otto;An enhanced event bus with emphasis on Android support ;events , bus programming;http://square.github.io/otto/ 
Android;Dagger;Dependency injector;dependency , injection ;http://google.github.io/dagger/ https://github.com/google/dagger
Android;RxAndroid;Reactive Extension;Events , reactive programming;https://github.com/ReactiveX/RxAndroid
Android;OkHttp;An HTTP and HTTP/2 client for Android and Java application;HTTP , HTTP2 , client;http://square.github.io/okhttp/
Android;StepView;Step by step view;HorizontalStepView , VerticalStepView , indicators;https://github.com/baoyachi/StepView
Android;Material Tip;;tip;https://github.com/fcannizzaro/material-tip
Android;Dart lib;Extras injection lib;intent , extras , injections;https://github.com/f2prateek/dart
Android;QRCodeReaderView;;;https://github.com/dlazaro66/QRCodeReaderView
Android;SlidingDrawer;;bottom sheet , sliding view;https://github.com/PierfrancescoSoffritti/SlidingDrawer
Android;Hugo;Annotation-triggered method call logging for debug builds;annotations , log;https://github.com/JakeWharton/hugo
Android;Crystal preloaders;;loaders;https://github.com/syedowaisali/crystal-preloaders
Android;Magic Button;;buttons;https://github.com/daniel-martins-IR/MagicButton
Android;AndroidDevMetrics;Performance metrics library ;metrics , dagger2metrics;https://github.com/frogermcs/AndroidDevMetrics
Android;StereoView;;effects;https://github.com/ImmortalZ/StereoView
Android;ThumbUp;;effects , animations , likes;https://github.com/ldoublem/ThumbUp
Android;MaterialLogin;Amazing material login effect;material , login;https://github.com/fanrunqi/MaterialLogin
Android;GlideFaceDetectionTransformation;Image transformation library providing cropping above face detection;face detection;https://github.com/aryarohit07/GlideFaceDetectionTransformation
Android;Retrofit;A type safe HTTP client for Android and Java;HTTP client , OkHTTP;http://square.github.io/retrofit/
Android;Onboarding;;introduction , screen;https://github.com/eoinfogarty/Onboarding
Android;Tracker;;bug tracking , crash;https://github.com/android-Infoedge/tracker
Android;FlipCards;;3D flip cards;https://github.com/zhangke3016/FlipCards
Android;Leku;;location picker , GPS;https://github.com/SchibstedSpain/Leku
Android;Android Priority Jobqueue;;job queue , tasks , jobs;https://github.com/yigit/android-priority-jobqueue
Android;JCVD;;Awareness API;https://github.com/djavan-bertrand/JCVD
Android;GoogleMapsRippleEffect;;Google Maps , ripple , effects , animations , circle;https://github.com/aarsy/GoogleMapsRippleEffect
Android;SpiderWebScoreView;;score , view , spider web;https://github.com/xiaopansky/SpiderWebScoreView
Android;Smali;;RI , reverse engineering , tool;https://github.com/JesusFreke/smali
Android;AndBug;Scriptable Android Debugger;RI , reverse engineering , tool;https://github.com/swdunlop/AndBug
Android;Androguard;;RI , reverse engineering , tool;https://github.com/androguard/androguard
Android;AFE;Android Framework Exploitation;RI , reverse engineering , tool;https://github.com/appknox/AFE
Android;Android KillPermAndSigChecks;Bypass signature and permission checks for IPCs;RI , reverse engineering , tool;https://github.com/iSECPartners/Android-KillPermAndSigChecks
Android;Android OpenDebug;Make any application debuggable;RI , reverse engineering , tool;https://github.com/iSECPartners/Android-OpenDebug
Android;Enjarify;Tool for translating Dalvik bytecode to equivalent Java bytecode;RI , reverse engineering , tool;https://github.com/google/enjarify
Android;Fino;Android small footprint inspection tool;RI , reverse engineering , tool;https://github.com/sysdream/fino
Android;Indroid;;RI , reverse engineering , tool;https://bitbucket.org/aseemjakhar/indroid
Android;Introspy;Security profiling for blackbox Android;RI , reverse engineering , tool;https://github.com/iSECPartners/Introspy-Android
DevTool;JD GUI;Java decompiler with a neat GUI;RI , reverse engineering , tool , Java;https://github.com/java-decompiler/jd-gui
DevTool;Krakatau;Java decompiler, assembler and disassembler;RI , reverse engineering , tool , Java;https://github.com/Storyyeller/Krakatau
DevTool;Procyon;Java 5+ capable decompiler;RI , reverse engineering , tool , Java;https://bitbucket.org/mstrobel/procyon/wiki/Java%20Decompiler
DevTool;Fernflower;Java decompiler with a neat GUI;RI , reverse engineering , tool , Java;https://github.com/fesh0r/fernflower
Android;Redexer;Bytecode instrumentation framework for Dalvik bytecode;RI , reverse engineering , tool;https://github.com/plum-umd/redexer    http://www.cs.umd.edu/projects/PL/redexer/
Android;Simplify;Generic Android Deobfuscator;RI , reverse engineering , tool;https://github.com/CalebFenton/simplify
Android;Bytecode Viewer;A Java 8 JAR and Android APK Reverse Engineering Suite;RI , reverse engineering , tool;https://github.com/Konloch/bytecode-viewer
Android;EasyDeviceInfo;;device infos;https://github.com/nisrulz/easydeviceinfo
Android;MaterialTapTargetPrompt;;tap target , prompt , features discovery;https://github.com/sjwall/MaterialTapTargetPrompt
Android;Space Navigation View;;space navigation view;https://github.com/armcha/Space-Navigation-View
Android;Speed View;;speed , view;https://github.com/anastr/SpeedView
Java;Guava;;Google , Java;https://github.com/google/guava
Android;AndroidAudioRecorder;A fancy audio recorder for Android supporting WAV format;audio , recorder;https://github.com/adrielcafe/AndroidAudioRecorder
Android;AdBlockerDetector;;ads , adblock;https://github.com/Swisyn/AdBlockerDetector
Android;Jgraph;;graphs , charts;https://github.com/mychoices/Jgraph
Android;SignUpTransition;;animations , views , transitions , sign up;https://github.com/JeasonWong/SignUpTransition
Android;Infinite Cycle View Pager;Infinite cycle ViewPager with two-way orientation and interactive effect;view , view pager , loops;https://github.com/DevLight-Mobile-Agency/InfiniteCycleViewPager
Android;CodeView;Shows code content with syntax highlihhting in native way;view , code , sources;https://github.com/Softwee/codeview-android
Android;Knife;Rich text editor;text editor;https://github.com/mthli/Knife
Android;Confetti;Particle system library for displaying confettis;animations , views , confetti , particles;https://github.com/jinatonic/confetti
Android;Recycler View Helper;Provides most common functions around recycler views like swipes to dismiss, drag and drop, divider…;recycler view;https://github.com/nisrulz/recyclerviewhelper
Android;RingProgress;A circle progress bar with effect;ring , progress view;https://github.com/ldoublem/RingProgress
Android;ChompProgressView;A semi realistic progress view that takes bites out of images;animation , effect , omnomnomnom;https://github.com/andyb129/ChompProgressView
Android;SmileyLoadingView;A custom loading view;loading view , animations;https://github.com/andyxialm/SmileyLoadingView
Android;EncryptedPreferences;AES-256 encrypted SharedPreferences;AES , security , encryption , preferences;https://github.com/PDDStudio/EncryptedPreferences
Design;Legofy; Make images look as if they are made out of 1x1 LEGO blocks;Lego;https://github.com/JuanPotato/Legofy
Android;Barcodescanner;;bar code , qr code , scanner;https://github.com/dm77/barcodescanner
Android;RecyclerViewSnap;;snap helper , snap , view , swipe;https://github.com/rubensousa/RecyclerViewSnap
Android;CompareImage;;image , comparison;https://github.com/Onkarn92/CompareImage
Design;Thumby;Image paring and resizing server;picture , operations;https://www.thumby.io/
Kotlin;Spek;A Kotlin Specification Framework for the JVM;uni tests , Kotlin , spek , tests;http://jetbrains.github.io/spek/notes/1.0.html
Design;Cloud convert;Convert anything;convert , GIF , mp4 , memes;https://cloudconvert.com/
DevTool;Pidcat;Colored logcat script which only shows log entries for a specific application package;log , logcat , debug;https://github.com/JakeWharton/pidcat
Android;LoaderViewLibrary;Library that enables TextView and ImageView to show loading animation while waiting for the text and image get loaded;view , animations , loader;https://github.com/elye/loaderviewlibrary
Android;Paper;Fast and simple data storage library for Android;database , storage , NoSQL , Kryo;https://github.com/pilgr/Paper
Java;Kryo;Java serialization and cloning : fast, efficient, automatic;storage , serialization;https://github.com/EsotericSoftware/kryo
Android;Telegram;Telegram Messenger for Android;Telegram , app , security , privacy , FOSS;https://github.com/DrKLO/Telegram
Web;Telegram; Telegram web application, GPL v3;Telegram , app , security , privacy , FOSS;https://github.com/zhukov/webogram
/;Telegram;Telegram Desktop messaging app;Telegram , app , security , privacy , FOSS;https://github.com/telegramdesktop/tdesktop
Android;Silence;A fork of Signal with only SMS/MMS encryption;app , security , privacy , FOSS;https://github.com/SilenceIM/Silence
Android;Tor;Somes links to TOR tools;app , security , privacy , FOSS;https://github.com/guardianproject/tor-browser     https://github.com/amoghbl1/tor-browser    https://github.com/guardianproject/Orfox https://github.com/n8fr8/OrfoxFennec
Android;FilpAnimation;Simple example for flip animation;animation , flip;https://github.com/4xes/FlipAnimation
Android;BGABadgeView;;animation , badge;https://github.com/bingoogolapple/BGABadgeView-Android
Android;ThirtyInch – a new MVP library for Android;;ThirtyInch , MVP;https://github.com/grandcentrix/ThirtyInch/
Android;Minicap;Stream real-time screen capture data out of Android devices;screen , captures;https://github.com/openstf/minicap
Android;TapTargetView;An implmentation of tap targets from the Material Design guidelines for feature discovery;tap target , feature discovery , intro;https://github.com/KeepSafe/TapTargetView
Android;ActSwitchAnimTool;Tool which makes the animation easy to implments;animations , effects;https://github.com/Yellow5A5/ActSwitchAnimTool
Android;PlaceSearchDialog;A place autocomplete search dialog which uses Google's Places API for finding results;Places , location , search;https://github.com/codemybrainsout/PlaceSearchDialog
Android;Material-intro-screen;;intro screen;https://github.com/TangoAgency/material-intro-screen
Android;Emojiconize;;emojicon;https://github.com/rockerhieu/emojiconize
Android;Versionberg; Gradle plugin for versioning your library/application on every git commit ;Gradle , commit , git , version;https://github.com/rockerhieu/Versionberg
Android;Tray; a SharedPreferences replacement for Android with multiprocess support ;SharedPreferences , Preferences , process , multiprocess , multiproces , content , data storage;https://github.com/grandcentrix/tray
Android;Ahoy onboarding;Android onboarding library.;view , intro screen , onboarding;https://github.com/codemybrainsout/ahoy-onboarding
Android;Android page transition;ViewPager with verticl sliding effects and activity transition;ViewPager , effects , transitions;https://github.com/xmuSistone/android-page-transition
Android;BubbleAnimationLayout;Some animations combining bubles and cards;animations , bubble;https://github.com/Cleveroad/BubbleAnimationLayout
Android;RecyclerViewUndoSwipe; Swipe and drag support for RecyclerView with undo action;ItemTouch , swipe , drag , RecyclerView;https://github.com/HoneyNeutrons/RecyclerViewUndoSwipe
Android;AndroidUtilCode;Some util classes…;utils;https://github.com/Blankj/AndroidUtilCode
DevTool;Jfrog;Solutions to automate software package  management;DevOps , tool , quality;https://www.jfrog.com/open-source/
DevTool;Artifactory;Repository and packages manager;Package , repo , DevOps , tool , quality;https://www.jfrog.com/open-source/#os-arti
DevTool;Bintray;To pubilish and consume software releases;Bin , DevOps , tool , quality;https://www.jfrog.com/open-source/#os-bin
DevTool;Gatling;Loas testing framework based on Scala, Akka and Netty;Stree test , load test , DevOps , tool , quality;http://gatling.io/#/
DevTool;Tunetoo;Coz geeks and nerdz must have fun t-shirtz !!;customization;http://www.tunetoo.com/
DevTool;Ansible;Deploy apps, manage systems, crush complexity;DevOps , tool , quality;https://www.ansible.com/
DevTool;GitLab;Tool to use to unify issus, code review, configuration management , CI and CD;Git , DevOps , tool , quality;https://about.gitlab.com/
DevTool;Jmeter;To laod test functionnal behavior and measure performances;Load test , performances , DevOps , tool , quality;http://jmeter.apache.org/
DevTool;Travis;Tests Github hosted projects;Github , CI , DevOps , tool , quality;https://travis-ci.org/
/;Framalink;URL shorter;URL , tool , privacy , framasoft , FOSS;https://frama.link/
/;Framindmap;Mindmap tool;mind map , tool , privacy , framasoft , FOSS;https://framindmap.org/c/login
/;MyFrama;Bookmakrs and links sharing;link , bookmark , tool , privacy , framasoft;https://my.framasoft.org/
/;Framadate;Make polls;polls , planning , tool , privacy , framasoft , FOSS;https://framadate.org/
/;Framadrive;;drive , cloud storage , tool , privacy , framasoft;https://framadrive.org/
/;Framanotes;;notes , tool , privacy , framasoft , FOSS;https://framanotes.org/
/;Framasphère*;;social network , Diaspora* , tool , privacy , framasoft;https://framasphere.org/
/;Framaganda;;agenda , tool , privacy , framasoft , FOSS;https://framagenda.org/index.php/login
/;Framapad;;tool , privacy , framasoft , FOSS;https://framapad.org/
/;Framaforms;To make forms;forms , tool , provacy , framasoft , FOSS;https://framaforms.org/
/;Framalistes;Mailing listes;mailing list , tool , privacy , framasoft , FOSS;https://framalistes.org/
/;Framacarte;Map;map , tool , privacy , framasoft , FOSS;https://framacarte.org/en/
/;Framanews;;RSS , tool , privacy , framasoft , FOSS;https://framanews.org/
/;Framabee;An Internet search engine;search engine , tool , privacy , framasoft , FOSS;https://framabee.org/
/;Framapic;Share pictures online anonymously;picture , tool , privacy , framasoft , FOSS;https://framapic.org/
/;Framemo;Memo;memo , tool , privacy , framasoft;https://framemo.org/
/;Framabin;Send encyphered messages;messages , privacy , tool , framasoft , FOSS;https://framabin.org/
/;Framatalk;Visio talks;Visio , privacy , tool , framasoft;https://framatalk.org/accueil/
/;Framateam;Colloborative communication like Slack;tool , privacy , framasoft , FOSS;https://framateam.org/login
/;Framaboard;Collaborative project management like Kanban ;project management , tool , privacy , framasoft;https://framaboard.org/
/;Framadrop;Share file anonymously;file sharing , tool , privacy , framasoft , FOSS;https://framadrop.org/
Android;AnimatorDuratinTile;A quick settings tile to quickly set the animator duration scale;animation;https://github.com/nickbutcher/AnimatorDurationTile
Android;RealtimeBlurView;A realtime blurring overlay;blur , view;https://github.com/mmin18/RealtimeBlurView
Android;AHBottomNavigation;A library to reproduce the behavior of the bottom navigation guidelines;bottom navigation;https://github.com/aurelhubert/ahbottomnavigation
Android;Apk Dependency graph;Android depency visualizer;graph , dependances;https://github.com/alexzaitsev/apk-dependency-graph
Android;Live emoji;;emojicon;https://github.com/RomainPiel/live-emoji
JavaScript;React;A JavaScript library for building user itnerfaces;ReactJS , UI , multi-OS , web , Android , iOS , web , JS;https://facebook.github.io/react/
JavaScript;JSX;JSX is a statically-typed, object-oriented programming language designed to run on modern web browsers.;JS , performances , compatibility , web;https://jsx.github.io/
JavaScript;Babel;A JavaScript compiler / transpiler;Transpiler , JS , web;https://babeljs.io/
JavaScript;Browerify;To bundle JS depedencies;dependencies , web , JS;http://browserify.org/
JavaScript;NPM;A package manager for JS;JS , package;https://www.npmjs.com/
DevTool;Grunt;The JavaScript task runner;JS , task runner;http://gruntjs.com/
JavaScript;Webpack;A module bundler;JS , dependencies;https://webpack.github.io/docs/
JavaScript;CommonJS;Defines modules format;JS , module;http://requirejs.org/docs/commonjs.html
JavaScript;Asynchronous Module Definition (AMD);Defines modules format;JS , module;http://requirejs.org/docs/whyamd.html
JavaScript;SystemJS;Universal dynamic module loader;JS , dependencies;https://github.com/systemjs/systemjs
JavaScript;TypeScript;Typed superset of JavaScript that compiles to plain JavaScript;JS , TypeScript , TS;https://www.typescriptlang.org/
JavaScript;Flow;Adds static typing to JavaScript to improve developer productivity and code quality;Flow , quality , JS;https://github.com/facebook/flow    https://flowtype.org/
JavaScript;Fetch;To fetch data from server;Fetch , JS;https://github.com/github/fetch    https://developer.mozilla.org/fr/docs/Web/API/Fetch_API/Using_Fetch
JavaScript;Promises;Use Promises with JavaScript;JS;https://www.promisejs.org/
JavaScript;RamdaJS;A practical functional library for JavaScript programmers;JS;http://ramdajs.com/
JavaScript;BluebirdJS;For JS Promises;JS;http://bluebirdjs.com/docs/why-bluebird.html
JavaScript;Redux;Predictable stable container for JavaScript apps;JS , container;http://redux.js.org/
JavaScript;RevealJS;The HTML presentation framework;JS , presentation;http://lab.hakim.se/reveal-js/#/
JavaScript;PureJS;JavaScript template engine;JS , presentation;https://beebole.com/pure/
DevTool;Apk Parser;APK parser library for java;APK , Android;https://github.com/caoqianli/apk-parser
Android;Clocker Scroller;A cool animated RecyclerView clock face scroller ;clock , view;https://github.com/andyb129/ClockScroller
Android;Snappy Image Viewer;Android Image Viewer inspired by StackOveflow's swipe-to-dismiss and moving animations;animations , effects , swipe;https://github.com/nshmura/SnappyImageViewer
DevTool;TeamCity;Powerful Continuous Integration out of the Box;DevOps , CI , tools , quality;https://www.jetbrains.com/teamcity/
DevTool;Infer;A tool to detect bugs in Android and iOS apps before they ship;DevOps , CI , tools , bugs , Android , iOS , quality;http://fbinfer.com/
DevTool;PMD;Source code analyzer finding common programming flaws;DevOps , CI , tools , quality;https://pmd.github.io/
DevTool;FindBugs;Find bugs in Java Programs;DevOps , CI , tools , quality , Java;http://findbugs.sourceforge.net/
DevTool;Checkstyle;Write well formated and written Java code;DevOps , CI , tools , quality , Java;http://checkstyle.sourceforge.net/
DevTool;Robolectric;Android Unit Testing Framework;DevOps , CI , tools , unit tests , quality  ,Android;https://github.com/robolectric/robolectric
DevTool;Calabash;Automated acceptance testing for mobile apps;DevOps , CI , tools , quality;http://calaba.sh/
DevTool;Lint;Improve your code with Lint;DevOps , CI , tools , Lint , code , optimization , quality;https://developer.android.com/studio/write/lint.html
DevTool;Monkey;UI/Application exerciser;DevOps , CI , tools , UI , tests , stress , monkey , quality , Android;https://developer.android.com/studio/test/monkey.html
DevTool;Monkeyrunner;UI/Application exerciser;DevOps , CI , tools , UI , tests , monkey , monkeyrunner , quality , Android;https://developer.android.com/studio/test/monkeyrunner/index.html
DevTool;Cucumber;Behaviour-Drive Developement;BDD;https://cucumber.io/
Android;AppBarLayout Spring Behaviour;;view , animations;https://github.com/ToDou/appbarlayout-spring-behavior
Android;ViewPagerIndicator;;view pager , indicator;https://github.com/JakeWharton/ViewPagerIndicator
Android;Android Debug Drawer; Android Debug Drawer for faster development ;debug;https://github.com/palaima/DebugDrawer
Android;PageIndicatorView;;view pager , indicator;https://github.com/romandanylyk/PageIndicatorView
Android;SwitchDateTimePicker; Android library for Date and Time Picker in same dialog ;Switch date time;https://github.com/Kunzisoft/Android-SwitchDateTimePicker
Android;FiftyShadesOf; An elegant context-care loading placeholder for Android ;place holder;https://github.com/florent37/FiftyShadesOf
Android;Squint;Provide Diagonal cut on view with awesome customization;view , diagonal;https://github.com/IntruderShanky/Squint
Android;BottomSheetPickers; Third-party date and time pickers for Android. ;bottom sheet , date , time , picker;https://github.com/philliphsu/BottomSheetPickers
Android;BubbleTab ; Put some bubble in your tabs and give your apps a supa fresh style ! ;tabs , view , animations , bubble;https://github.com/florent37/BubbleTab
Android;Material Calendar View; Material Design Calendar compatible with API 8+ ;calendar , material , view;https://github.com/BlackBoxVision/material-calendar-view
Android;FunkyHeader; Provide Funky cuts on image (The Perfect Header for Profile UI) ;view , header , effects;https://github.com/IntruderShanky/FunkyHeader
Android;Android Job; Android library to handle jobs in the background;job , task , threads , background;https://github.com/evernote/android-job
Android;Sensey;Detecting gestures in a snap;gestures;https://github.com/nisrulz/sensey
Android;ShareButton;;button , view , share;https://github.com/kayan1990/ShareButton
Android;DiagonalLayout;;view , layout , diagonal;https://github.com/florent37/DiagonalLayout
Android;Material ViewPagerIndicator;;view , indicator , view pager , material;https://github.com/ronaldsmartin/Material-ViewPagerIndicator
Design;Emoji Unicode Tables;;emojicon , emotes , smileys;http://apps.timwhitlock.info/emoji/tables/unicode
Design;Emojipedia;;emojicon , emotes , smileys;http://emojipedia.org/
Android;Video Trimmer;;video , trimmer , view;https://github.com/knowledge4life/k4l-video-trimmer
Android;ShareButton; A share button with smooth animation ;UI , views , buttons , share;https://github.com/kayan1990/ShareButton
Android;FanLayoutManager;Horizontal list with items moving like fan blades;UI , views , list ;https://github.com/Cleveroad/FanLayoutManager
Android;Quiet;Quiet for Android – TCP over sound;TCP , sound , data exchange;https://github.com/quiet/org.quietmodem.Quiet
Android;Multi Selection; Multiselection Solution for Android in Kotlin ;UI , view , list , selection;https://github.com/Yalantis/Multi-Selection
Android;Swipe Coordinator; A coordinator layout for Android views to animate and typify touch events as swipe gestures ;UI , swipe , view;https://github.com/VictorAlbertos/SwipeCoordinator
Android;Flickable Dialog; This dialog can flick and make it easy to dismiss sensuously. ;UI , dialog , view;https://github.com/t-kurimura/flickabledialog
Android;Prevent Screen Off; This is the library that keeps the screen on until user is looking at the screen. ;UI , screen , off;https://github.com/kevalpatel2106/Prevent-Screen-Off
Android;Android Fingerprint Authentication; A library that allows you to easily integrate and manage fingerprint authentication in your app. ;UI , fingerprint , authentication;https://github.com/multidots/android-fingerprint-authentication
Android;User aware Video View;A customized video view that will automatically pause video is user is not looking at device screen;UI , view , video , screen , user;https://github.com/kevalpatel2106/UserAwareVideoView
Android;License Adapter;Adapter for RecyclerView to display app's oss dependencies' license ;UI , view , licences , credits;https://github.com/yshrsmz/LicenseAdapter
/;Spinnaker;;continuous deployment , DevOps , quality;http://www.spinnaker.io/
Web;Electron;Build cross platform desktop apps with JavaScript, HTML and CSS;cross platform , desktop , JS , HTML , CSS , Github;http://electron.atom.io/
Design;Prototypr.io;Prototyping : From UX to Front End;UI , design , prototypes , veille;https://blog.prototypr.io/
Design;Invision;Design Better. Faster. Together.;UI , design , prototypes;https://www.invisionapp.com/
Design;Craft;;UI , design , prototypes;https://www.invisionapp.com/craft
Design;Marvel;Simple design, prototyping and collaboration;UI , design , prototypes;https://marvelapp.com/
Design;Flinto;iOS and Android prototypes made from your existing screen designs;UI , design , prototypes;https://www.flinto.com/lite
Design;Framer JS;Design the impossible with Framer;UI , design , prototypes;https://framerjs.com/
Design;Justinmind;Prototype faster, communicate better;UI , design , prototypes;https://www.justinmind.com/
Design;Balsamiq;A wireframing tool for mockups;UI , design , prototypes;https://balsamiq.com/
Design;Axure;;UI , design , prototypes;http://www.axure.com/
Design;Pop;;UI , design , prototypes;https://popapp.in/
Design;Flinto;;UI , design , prototypes;https://www.flinto.com/
Design;Origami;;UI , design , prototypes;https://facebook.github.io/origami/
Design;UXPin;Collaborative UX Design for Product Teams;UI , design , prototypes;https://www.uxpin.com/
Design;Proto.io;Create fully-interactive high-fidelity prototypes that look and work exactly like the app should;UI , design , prototypes;https://proto.io/
DevTool;Gradle;;DevOps , tool , quality , build;https://gradle.org/
DevTool;SonarQube;;DevOps , tool , quality , code analysis;http://www.sonarqube.org/
DevTool;GoCD;;DevOps , tool , quality , build;https://www.go.cd/
DevTool;Fastlane;The easiest way to automate building and releasing your iOS and Android apps;DevOps , tool , quality , build;https://fastlane.tools/
DevTool;Takt; Takt is Android library for measuring the FPS using Choreographer;FPS , tests , tool;https://github.com/wasabeef/Takt
DevTool;Pidcat; Colored logcat script which only shows log entries for a specific application package. ;tool;https://github.com/JakeWharton/pidcat
DevTool;Sonarlint;;code analysis , plugin;http://www.sonarlint.org/
DevTool;Fiddler;The free web debugging proxy for any browser, system or platform;web , HTTP , HTTPS , performances;http://www.telerik.com/fiddler
DevTool;Trello;Tool for collaborative work;dev , tools;https://trello.com/
DevTool;Jira;Tool for collaborative work;dev , tools;https://fr.atlassian.com/software/jira
DevTool;Telegram;;privacy;https://telegram.org/
DevTool;Taiga;Tool for collaborative work;dev , tools;https://taiga.io/
Design;Draw.io;;;https://www.draw.io/
Android;Activity Switcher;ActivitySwitcher is based on the Activity view operation management library, you can achieve any jump between Activity, close any Activity and end applications and other functions.;Activity;https://github.com/Hitomis/ActivitySwitcher
Android;ReView; A view to help developers and designers view the View's font size, color, and border. ;UI , debug , views;https://github.com/maoruibin/ReView
/;A high productivity, full-stack web framework for the Go langage;;Go , golang;http://revel.github.io/
/;SQLbrite;A lightweight wrapper around SQLiteOpenHelper which introduces reactive stream semantics to SQL operations.;SQL , reactive streams;https://github.com/square/sqlbrite
Java;Javapoet; A Java API for generating .java source files. ;Java , code generation;https://github.com/square/javapoet
